{
 "name"         : "Xonal  [COLOR FF0084FF]-[/COLOR] MRSP ([COLOR FF0084FF]Q[/COLOR])",
 "repository"   : "repository.sarsaila",
 "plugin"       : "plugin.video.romanianpack",
 "priority"     : 700,
 "id"           : "MRSP",
 "filters"      : {},
 "postprocess"  : "",
 "movies"       : [
  [
   {
    "link"      : "plugin://plugin.video.romanianpack/?action=searchSites&searchSites=cuvant&cuvant={title}",
    "steps"     : ["(.*)"],
    "action"    : "ACTIVATE"
   }
  ]
 ],
 "tvshows"      : [
  [
   {
    "link"      : "plugin://plugin.video.romanianpack/?action=searchSites&modalitate=edit&query={showname}",
    "steps"     : ["(.*)"],
    "action"    : "PLAY"
   }
  ]
 ],
 "musicvideos"  : [],
 "music"        : [],
 "live"         : []
}
